{
  "Batch Name": "N5",
  "File Name": [
    "N5_P390_Grating"
  ],
  "File Path": [
    "C:\\Users\\joshs\\github\\PhD_Project\\StepHeightFinder\\AFM\\N5_P390_Grating.csv"
  ],
  "Secondary String": [
    "P390"
  ],
  "P390 Region 1 Trim Index": [
    286,
    301
  ],
  "P390 Region 1 Trimmed X": [
    0.0011200000000000001,
    0.0011200000000000001,
    0.00113,
    0.00113,
    0.00113,
    0.00114,
    0.00114,
    0.00114,
    0.00115,
    0.00115,
    0.00116,
    0.00116,
    0.00116,
    0.00117,
    0.00117
  ],
  "P390 Region 1 Trimmed Y": [
    43.4,
    37.2,
    31.5,
    25.5,
    19.4,
    10.1,
    -2.07,
    -15.7,
    -29.8,
    -38.0,
    -40.6,
    -32.5,
    -19.8,
    -5.98,
    5.11
  ],
  "P390 Region 2 Trim Index": [
    314,
    376
  ],
  "P390 Region 2 Trimmed X": [
    0.00123,
    0.00123,
    0.00123,
    0.00124,
    0.00124,
    0.00125,
    0.00125,
    0.00125,
    0.00126,
    0.00126,
    0.00127,
    0.00127,
    0.00127,
    0.00128,
    0.00128,
    0.0012900000000000001,
    0.0012900000000000001,
    0.0012900000000000001,
    0.0013,
    0.0013,
    0.0013,
    0.00131,
    0.00131,
    0.00132,
    0.00132,
    0.00132,
    0.00133,
    0.00133,
    0.00134,
    0.00134,
    0.00134,
    0.00135,
    0.00135,
    0.00136,
    0.00136,
    0.00136,
    0.0013700000000000001,
    0.0013700000000000001,
    0.00138,
    0.00138,
    0.00138,
    0.00139,
    0.00139,
    0.00139,
    0.0014,
    0.0014,
    0.00141,
    0.00141,
    0.00141,
    0.0014199999999999998,
    0.0014199999999999998,
    0.0014299999999999998,
    0.0014299999999999998,
    0.0014299999999999998,
    0.0014399999999999999,
    0.0014399999999999999,
    0.00145,
    0.00145,
    0.00145,
    0.00146,
    0.00146,
    0.00146
  ],
  "P390 Region 2 Trimmed Y": [
    91.8,
    93.8,
    95.1,
    95.9,
    96.0,
    95.9,
    95.3,
    94.2,
    92.4,
    90.2,
    87.4,
    84.2,
    79.5,
    74.9,
    71.5,
    68.5,
    66.7,
    65.7,
    65.1,
    64.4,
    63.9,
    63.2,
    62.7,
    62.2,
    62.5,
    62.3,
    63.0,
    63.5,
    63.6,
    63.5,
    63.2,
    62.9,
    62.6,
    62.6,
    62.8,
    62.9,
    63.3,
    63.2,
    62.8,
    62.7,
    62.6,
    62.6,
    62.4,
    62.8,
    63.1,
    63.3,
    63.5,
    63.9,
    64.5,
    66.2,
    68.5,
    71.4,
    76.5,
    81.6,
    86.2,
    89.1,
    91.5,
    93.8,
    95.9,
    96.9,
    97.9,
    98.3
  ],
  "P390 Step Height": 75.17729032258065,
  "P390 Step Height Error": 7.484360925637833
}
