{
  "Batch Name": "R1",
  "File Name": [
    "R1_P340_Grating",
    "R1_P365_Grating",
    "R1_P390_Grating",
    "R1_P405_Grating",
    "R1_P475_Grating"
  ],
  "File Path": [
    "C:\\Users\\joshs\\github\\PhD_Project\\StepHeightFinder\\AFM\\R1_P340_Grating.csv",
    "C:\\Users\\joshs\\github\\PhD_Project\\StepHeightFinder\\AFM\\R1_P365_Grating.csv",
    "C:\\Users\\joshs\\github\\PhD_Project\\StepHeightFinder\\AFM\\R1_P390_Grating.csv",
    "C:\\Users\\joshs\\github\\PhD_Project\\StepHeightFinder\\AFM\\R1_P405_Grating.csv",
    "C:\\Users\\joshs\\github\\PhD_Project\\StepHeightFinder\\AFM\\R1_P475_Grating.csv"
  ],
  "Secondary String": [
    "P340",
    "P365",
    "P390",
    "P405",
    "P475"
  ],
  "P340 Region 1 Trim Index": [
    216,
    235
  ],
  "P340 Region 1 Trimmed X": [
    0.000844,
    0.000848,
    0.000852,
    0.000855,
    0.000859,
    0.0008629999999999999,
    0.000867,
    0.000871,
    0.000875,
    0.000879,
    0.000883,
    0.000887,
    0.000891,
    0.0008950000000000001,
    0.000898,
    0.000902,
    0.000906,
    0.00091,
    0.000914
  ],
  "P340 Region 1 Trimmed Y": [
    -26.0,
    -46.1,
    -72.7,
    -90.7,
    -92.9,
    -92.9,
    -92.7,
    -92.7,
    -92.8,
    -93.1,
    -93.2,
    -93.2,
    -93.1,
    -92.9,
    -92.6,
    -91.6,
    -88.0,
    -80.9,
    -73.3
  ],
  "P340 Region 2 Trim Index": [
    245,
    294
  ],
  "P340 Region 2 Trimmed X": [
    0.000957,
    0.0009609999999999999,
    0.0009649999999999999,
    0.000969,
    0.000973,
    0.000977,
    0.00098,
    0.000984,
    0.000988,
    0.000992,
    0.000996,
    0.001,
    0.001,
    0.00101,
    0.00101,
    0.00102,
    0.00102,
    0.00102,
    0.00103,
    0.00103,
    0.0010400000000000001,
    0.0010400000000000001,
    0.0010400000000000001,
    0.0010500000000000002,
    0.0010500000000000002,
    0.0010500000000000002,
    0.00106,
    0.00106,
    0.00107,
    0.00107,
    0.00107,
    0.00108,
    0.00108,
    0.00109,
    0.00109,
    0.00109,
    0.0011,
    0.0011,
    0.00111,
    0.00111,
    0.00111,
    0.0011200000000000001,
    0.0011200000000000001,
    0.00113,
    0.00113,
    0.00113,
    0.00114,
    0.00114,
    0.00114
  ],
  "P340 Region 2 Trimmed Y": [
    18.6,
    20.8,
    22.5,
    24.0,
    25.4,
    26.6,
    27.5,
    28.2,
    28.6,
    28.4,
    28.0,
    27.1,
    26.2,
    25.6,
    25.3,
    25.5,
    25.9,
    26.4,
    26.8,
    27.1,
    27.3,
    27.5,
    27.5,
    27.4,
    27.2,
    27.0,
    26.7,
    26.5,
    26.2,
    26.0,
    25.9,
    25.5,
    25.3,
    24.9,
    24.4,
    23.8,
    23.1,
    22.4,
    21.8,
    21.6,
    21.2,
    20.8,
    20.4,
    20.0,
    19.5,
    18.9,
    17.9,
    16.6,
    15.2
  ],
  "P340 Step Height": 108.10483351235231,
  "P340 Step Height Error": 4.232075654599356,
  "P365 Region 1 Trim Index": [
    194,
    241
  ],
  "P365 Region 1 Trimmed X": [
    0.000758,
    0.000762,
    0.000766,
    0.0007700000000000001,
    0.000773,
    0.000777,
    0.000781,
    0.000785,
    0.000789,
    0.0007930000000000001,
    0.0007970000000000001,
    0.0008010000000000001,
    0.000805,
    0.000809,
    0.0008129999999999999,
    0.000816,
    0.00082,
    0.000824,
    0.000828,
    0.000832,
    0.0008359999999999999,
    0.0008399999999999999,
    0.000844,
    0.000848,
    0.000852,
    0.000855,
    0.000859,
    0.0008629999999999999,
    0.000867,
    0.000871,
    0.000875,
    0.000879,
    0.000883,
    0.000887,
    0.000891,
    0.0008950000000000001,
    0.000898,
    0.000902,
    0.000906,
    0.00091,
    0.000914,
    0.0009180000000000001,
    0.0009220000000000001,
    0.0009260000000000001,
    0.00093,
    0.000934,
    0.0009379999999999999
  ],
  "P365 Region 1 Trimmed Y": [
    54.6,
    52.5,
    49.8,
    46.4,
    42.3,
    37.7,
    32.9,
    26.2,
    15.8,
    8.92,
    3.85,
    2.39,
    3.66,
    4.4,
    4.89,
    5.29,
    5.8,
    6.08,
    6.28,
    6.22,
    5.94,
    5.74,
    5.32,
    4.9,
    4.56,
    4.23,
    4.14,
    3.83,
    3.67,
    3.66,
    3.77,
    3.85,
    3.95,
    4.03,
    4.11,
    3.98,
    3.65,
    3.26,
    3.46,
    3.92,
    4.53,
    5.39,
    7.63,
    16.0,
    26.6,
    37.0,
    47.0
  ],
  "P365 Region 2 Trim Index": [
    252,
    283
  ],
  "P365 Region 2 Trimmed X": [
    0.000984,
    0.000988,
    0.000992,
    0.000996,
    0.001,
    0.001,
    0.00101,
    0.00101,
    0.00102,
    0.00102,
    0.00102,
    0.00103,
    0.00103,
    0.0010400000000000001,
    0.0010400000000000001,
    0.0010400000000000001,
    0.0010500000000000002,
    0.0010500000000000002,
    0.0010500000000000002,
    0.00106,
    0.00106,
    0.00107,
    0.00107,
    0.00107,
    0.00108,
    0.00108,
    0.00109,
    0.00109,
    0.00109,
    0.0011,
    0.0011
  ],
  "P365 Region 2 Trimmed Y": [
    115.0,
    116.0,
    116.0,
    116.0,
    115.0,
    114.0,
    112.0,
    111.0,
    109.0,
    108.0,
    107.0,
    106.0,
    104.0,
    101.0,
    97.9,
    92.9,
    86.5,
    86.1,
    89.7,
    94.7,
    99.1,
    103.0,
    106.0,
    108.0,
    110.0,
    112.0,
    113.0,
    114.0,
    114.0,
    113.0,
    112.0
  ],
  "P365 Step Height": 92.80864790665751,
  "P365 Step Height Error": 2.8616954550099964,
  "P390 Region 1 Trim Index": [
    179,
    215
  ],
  "P390 Region 1 Trimmed X": [
    0.000699,
    0.000703,
    0.000707,
    0.0007109999999999999,
    0.0007149999999999999,
    0.000719,
    0.000723,
    0.000727,
    0.00073,
    0.000734,
    0.0007379999999999999,
    0.000742,
    0.000746,
    0.00075,
    0.000754,
    0.000758,
    0.000762,
    0.000766,
    0.0007700000000000001,
    0.000773,
    0.000777,
    0.000781,
    0.000785,
    0.000789,
    0.0007930000000000001,
    0.0007970000000000001,
    0.0008010000000000001,
    0.000805,
    0.000809,
    0.0008129999999999999,
    0.000816,
    0.00082,
    0.000824,
    0.000828,
    0.000832,
    0.0008359999999999999
  ],
  "P390 Region 1 Trimmed Y": [
    -0.912,
    -8.48,
    -17.7,
    -24.1,
    -40.2,
    -64.6,
    -75.2,
    -80.8,
    -84.4,
    -84.3,
    -84.0,
    -83.6,
    -83.1,
    -82.7,
    -82.5,
    -82.4,
    -82.5,
    -82.7,
    -82.6,
    -82.6,
    -82.7,
    -82.8,
    -82.9,
    -82.9,
    -82.7,
    -82.7,
    -82.6,
    -82.4,
    -82.1,
    -81.4,
    -81.0,
    -80.5,
    -78.9,
    -74.7,
    -63.7,
    -53.3
  ],
  "P390 Region 2 Trim Index": [
    224,
    271
  ],
  "P390 Region 2 Trimmed X": [
    0.000875,
    0.000879,
    0.000883,
    0.000887,
    0.000891,
    0.0008950000000000001,
    0.000898,
    0.000902,
    0.000906,
    0.00091,
    0.000914,
    0.0009180000000000001,
    0.0009220000000000001,
    0.0009260000000000001,
    0.00093,
    0.000934,
    0.0009379999999999999,
    0.000941,
    0.000945,
    0.000949,
    0.000953,
    0.000957,
    0.0009609999999999999,
    0.0009649999999999999,
    0.000969,
    0.000973,
    0.000977,
    0.00098,
    0.000984,
    0.000988,
    0.000992,
    0.000996,
    0.001,
    0.001,
    0.00101,
    0.00101,
    0.00102,
    0.00102,
    0.00102,
    0.00103,
    0.00103,
    0.0010400000000000001,
    0.0010400000000000001,
    0.0010400000000000001,
    0.0010500000000000002,
    0.0010500000000000002,
    0.0010500000000000002
  ],
  "P390 Region 2 Trimmed Y": [
    33.7,
    35.4,
    36.9,
    38.2,
    39.3,
    40.0,
    40.5,
    40.4,
    40.0,
    39.2,
    38.4,
    37.5,
    36.6,
    35.8,
    35.6,
    35.7,
    36.0,
    36.6,
    37.5,
    38.5,
    39.5,
    40.4,
    41.3,
    41.8,
    42.0,
    42.2,
    42.1,
    41.8,
    41.3,
    40.7,
    39.9,
    38.9,
    38.0,
    37.4,
    37.5,
    37.6,
    37.7,
    37.8,
    37.9,
    38.1,
    38.1,
    38.1,
    37.9,
    37.6,
    37.0,
    36.6,
    35.8
  ],
  "P390 Step Height": 109.73955319148935,
  "P390 Step Height Error": 3.863257542501891,
  "P405 Region 1 Trim Index": [
    91,
    116
  ],