{
  "Batch Name": "R3",
  "File Name": [
    "R3_Repeat1_Height",
    "R3_Repeat2_Height",
    "R3_Repeat3_Height",
    "R3_Repeat4_Height"
  ],
  "File Path": [
    "C:\\Users\\joshs\\github\\PhD_Project\\StepHeightFinder\\Dektak\\R3_Repeat1_Height.csv",
    "C:\\Users\\joshs\\github\\PhD_Project\\StepHeightFinder\\Dektak\\R3_Repeat2_Height.csv",
    "C:\\Users\\joshs\\github\\PhD_Project\\StepHeightFinder\\Dektak\\R3_Repeat3_Height.csv",
    "C:\\Users\\joshs\\github\\PhD_Project\\StepHeightFinder\\Dektak\\R3_Repeat4_Height.csv"
  ],
  "Secondary String": [
    "Repeat1",
    "Repeat2",
    "Repeat3",
    "Repeat4"
  ],
  "Repeat1 Film Thickness": 206.95397857696736,
  "Repeat1 Film Thickness Error": 0.052451929251547375,
  "Repeat1 Quadratic": [
    -26.654282953992475,
    -147.15736809699578,
    10.088315002344316
  ],
  "Repeat1 Quadratic Errors": [
    0.131114691116365,
    0.2036411359621647,
    0.05747399556024875
  ],
  "Repeat2 Film Thickness": -202.8684005825414,
  "Repeat2 Film Thickness Error": 0.07433236099746612,
  "Repeat2 Quadratic": [
    56.717777946146576,
    223.77175868063244,
    -76.38653988940985
  ],
  "Repeat2 Quadratic Errors": [
    0.4892487672152752,
    0.7081553788018509,
    0.18623290178355298
  ],
  "Repeat3 Film Thickness": 210.1448892358742,
  "Repeat3 Film Thickness Error": 0.05304075079190604,
  "Repeat3 Quadratic": [
    -65.13823528989019,
    -156.83094363210233,
    7.019992908641954
  ],
  "Repeat3 Quadratic Errors": [
    0.2030502799125526,
    0.21206220179103236,
    0.04576148663419441
  ],
  "Repeat4 Film Thickness": -201.4323061611642,
  "Repeat4 Film Thickness Error": 0.0507590479375701,
  "Repeat4 Quadratic": [
    -28.14807345343933,
    220.04389335483836,
    0.9653917883899157
  ],
  "Repeat4 Quadratic Errors": [
    0.1267552082961149,
    0.16900247757439496,
    0.042419292015542474
  ],
  "Average Result": 205.34989363913678,
  "Average Error": 1.9805380308139477
}
