{
  "Batch Name": "U2",
  "File Name": [
    "U2_P365_Grating",
    "U2_P390_Grating",
    "U2_P405_Grating",
    "U2_P475_Grating"
  ],
  "File Path": [
    "C:\\Users\\joshs\\github\\PhD_Project\\StepHeightFinder\\AFM\\U2_P365_Grating.csv",
    "C:\\Users\\joshs\\github\\PhD_Project\\StepHeightFinder\\AFM\\U2_P390_Grating.csv",
    "C:\\Users\\joshs\\github\\PhD_Project\\StepHeightFinder\\AFM\\U2_P405_Grating.csv",
    "C:\\Users\\joshs\\github\\PhD_Project\\StepHeightFinder\\AFM\\U2_P475_Grating.csv"
  ],
  "Secondary String": [
    "P365",
    "P390",
    "P405",
    "P475"
  ],
  "P365 Region 1 Trim Index": [
    488,
    488
  ],
  "P365 Region 1 Trimmed X": [],
  "P365 Region 1 Trimmed Y": [],
  "P365 Region 2 Trim Index": [
    488,
    488
  ],
  "P365 Region 2 Trimmed X": [],
  "P365 Region 2 Trimmed Y": [],
  "P365 Step Height": NaN,
  "P365 Step Height Error": NaN,
  "P390 Region 1 Trim Index": [
    480,
    480
  ],
  "P390 Region 1 Trimmed X": [],
  "P390 Region 1 Trimmed Y": [],
  "P390 Region 2 Trim Index": [
    480,
    480
  ],
  "P390 Region 2 Trimmed X": [],
  "P390 Region 2 Trimmed Y": [],
  "P390 Step Height": NaN,
  "P390 Step Height Error": NaN,
  "P405 Region 1 Trim Index": [
    194,
    231
  ],
  "P405 Region 1 Trimmed X": [
    0.000758,
    0.000762,
    0.000766,
    0.0007700000000000001,
    0.000773,
    0.000777,
    0.000781,
    0.000785,
    0.000789,
    0.0007930000000000001,
    0.0007970000000000001,
    0.0008010000000000001,
    0.000805,
    0.000809,
    0.0008129999999999999,
    0.000816,
    0.00082,
    0.000824,
    0.000828,
    0.000832,
    0.0008359999999999999,
    0.0008399999999999999,
    0.000844,
    0.000848,
    0.000852,
    0.000855,
    0.000859,
    0.0008629999999999999,
    0.000867,
    0.000871,
    0.000875,
    0.000879,
    0.000883,
    0.000887,
    0.000891,
    0.0008950000000000001,
    0.000898
  ],
  "P405 Region 1 Trimmed Y": [
    -16.2,
    -34.4,
    -47.4,
    -56.9,
    -63.0,
    -69.2,
    -73.0,
    -74.8,
    -75.2,
    -75.3,
    -75.4,
    -75.5,
    -75.6,
    -75.7,
    -75.6,
    -75.6,
    -75.6,
    -75.6,
    -75.5,
    -75.5,
    -75.5,
    -75.5,
    -75.6,
    -75.7,
    -75.9,
    -76.0,
    -76.2,
    -76.1,
    -75.9,
    -75.5,
    -74.6,
    -73.0,
    -69.9,
    -64.3,
    -57.0,
    -48.4,
    -38.4
  ],
  "P405 Region 2 Trim Index": [
    237,
    291
  ],
  "P405 Region 2 Trimmed X": [
    0.0009260000000000001,
    0.00093,
    0.000934,
    0.0009379999999999999,
    0.000941,
    0.000945,
    0.000949,
    0.000953,
    0.000957,
    0.0009609999999999999,
    0.0009649999999999999,
    0.000969,
    0.000973,
    0.000977,
    0.00098,
    0.000984,
    0.000988,
    0.000992,
    0.000996,
    0.001,
    0.001,
    0.00101,
    0.00101,
    0.00102,
    0.00102,
    0.00102,
    0.00103,
    0.00103,
    0.0010400000000000001,
    0.0010400000000000001,
    0.0010400000000000001,
    0.0010500000000000002,
    0.0010500000000000002,
    0.0010500000000000002,
    0.00106,
    0.00106,
    0.00107,
    0.00107,
    0.00107,
    0.00108,
    0.00108,
    0.00109,
    0.00109,
    0.00109,
    0.0011,
    0.0011,
    0.00111,
    0.00111,
    0.00111,
    0.0011200000000000001,
    0.0011200000000000001,
    0.00113,
    0.00113,
    0.00113
  ],
  "P405 Region 2 Trimmed Y": [
    27.6,
    33.1,
    36.8,
    39.5,
    41.5,
    43.0,
    43.9,
    44.2,
    44.3,
    44.2,
    43.9,
    43.5,
    43.1,
    42.9,
    42.8,
    43.0,
    43.5,
    44.3,
    45.2,
    46.1,
    47.2,
    48.4,
    49.5,
    50.4,
    51.1,
    51.5,
    51.6,
    51.4,
    50.8,
    49.8,
    48.9,
    47.6,
    46.4,
    45.4,
    44.7,
    44.2,
    44.1,
    44.2,
    44.5,
    45.0,
    45.6,
    46.2,
    46.8,
    47.5,
    48.2,
    48.7,
    48.9,
    48.9,
    48.7,
    48.0,
    46.9,
    45.3,
    42.8,
    39.9
  ],
  "P405 Step Height": 113.51676676676678,
  "P405 Step Height Error": 2.4012188329901334,
  "P475 Region 1 Trim Index": [
    241,
    286
  ],
  "P475 Region 1 Trimmed X": [
    0.000941,
    0.000945,
    0.000949,
    0.000953,
    0.000957,
    0.0009609999999999999,
    0.0009649999999999999,
    0.000969,
    0.000973,
    0.000977,
    0.00098,
    0.000984,
    0.000988,
    0.000992,
    0.000996,
    0.001,
    0.001,
    0.00101,
    0.00101,
    0.00102,
    0.00102,
    0.00102,
    0.00103,
    0.00103,
    0.0010400000000000001,
    0.0010400000000000001,
    0.0010400000000000001,
    0.0010500000000000002,
    0.0010500000000000002,
    0.0010500000000000002,
    0.00106,
    0.00106,
    0.00107,
    0.00107,
    0.00107,
    0.00108,
    0.00108,
    0.00109,
    0.00109,
    0.00109,
    0.0011,
    0.0011,
    0.00111,
    0.00111,
    0.00111
  ],
  "P475 Region 1 Trimmed Y": [
    -38.4,
    -53.3,
    -61.3,
    -66.2,
    -68.4,
    -68.9,
    -69.1,
    -69.1,
    -69.1,
    -68.6,
    -68.3,
    -68.2,
    -68.1,
    -67.9,
    -67.5,
    -67.3,
    -67.3,
    -67.3,
    -67.4,
    -67.8,
    -68.2,
    -68.4,
    -68.3,
    -68.0,
    -67.7,
    -67.3,
    -67.1,
    -66.9,
    -66.7,
    -66.7,
    -66.6,
    -66.3,
    -66.0,
    -65.4,
    -65.3,
    -64.8,
    -65.0,
    -64.7,
    -65.2,
    -65.2,
    -65.5,
    -64.8,
    -62.5,
    -59.4,
    -51.5
  ],
  "P475 Region 2 Trim Index": [
    294,
    352
  ],
  "P475 Region 2 Trimmed X": [
    0.00115,
    0.00115,
    0.00116,
    0.00116,
    0.00116,
    0.00117,
    0.00117,
    0.0011799999999999998,
    0.0011799999999999998,
    0.0011799999999999998,
    0.0011899999999999999,
    0.0011899999999999999,
    0.0012,
    0.0012,
    0.0012,
    0.00121,
    0.00121,
    0.00121,
    0.00122,
    0.00122,
    0.00123,
    0.00123,
    0.00123,
    0.00124,
    0.00124,
    0.00125,
    0.00125,
    0.00125,
    0.00126,
    0.00126,
    0.00127,
    0.00127,
    0.00127,
    0.00128,
    0.00128,
    0.0012900000000000001,
    0.0012900000000000001,
    0.0012900000000000001,
    0.0013,
    0.0013,
    0.0013,
    0.00131,
    0.00131,
    0.00132,
    0.00132,
    0.00132,
    0.00133,
    0.00133,
    0.00134,
    0.00134,
    0.00134,
    0.00135,
    0.00135,
    0.00136,
    0.00136,
    0.00136,
    0.0013700000000000001,
    0.0013700000000000001
  ],
  "P475 Region 2 Trimmed Y": [
    42.3,
    47.1,
    49.9,
    51.8,
    53.1,
    53.7,
    53.8,
    53.4,
    52.3,
    50.5,
    48.3,
    46.4,
    45.5,
    45.4,
    45.7,
    46.4,
    47.3,
    48.6,
    50.1,
    51.5,
    52.9,
    53.8,
    54.7,
    55.2,
    55.7,
    56.7,
    57.6,
    58.5,
    59.0,
    59.4,
    59.9,
    59.8,
    59.7,
    59.0,
    57.3,
    55.6,
    53.4,
    51.0,
    49.4,
    47.9,
    47.0,
    47.0,
    47.8,
    49.1,
    50.4,
    51.6,
    52.8,
    53.6,
    54.4,
    54.9,
    55.8,
    56.9,
    57.7,
    58.1,
    58.3,
    57.9,
    57.4,
    56.4
  ],
  "P475 Step Height": 118.27413793103449,
  "P475 Step Height Error": 1.011128584134408
}
