{
  "Batch Name": "U4",
  "File Name": [
    "U4_Repeat1_Height",
    "U4_Repeat2_Height",
    "U4_Repeat3_Height"
  ],
  "File Path": [
    "C:\\Users\\joshs\\github\\PhD_Project\\StepHeightFinder\\Dektak\\U4_Repeat1_Height.csv",
    "C:\\Users\\joshs\\github\\PhD_Project\\StepHeightFinder\\Dektak\\U4_Repeat2_Height.csv",
    "C:\\Users\\joshs\\github\\PhD_Project\\StepHeightFinder\\Dektak\\U4_Repeat3_Height.csv"
  ],
  "Secondary String": [
    "Repeat1",
    "Repeat2",
    "Repeat3"
  ],
  "Repeat1 Film Thickness": 148.27106109824274,
  "Repeat1 Film Thickness Error": 0.06766049035485647,
  "Repeat1 Quadratic": [
    112.82352777581558,
    183.29983721253657,
    -146.2575209070261
  ],
  "Repeat1 Quadratic Errors": [
    0.7012274024548548,
    0.5452162926741845,
    0.11915881426241642
  ],
  "Repeat2 Film Thickness": -160.5193125439812,
  "Repeat2 Film Thickness Error": 0.07494363854998452,
  "Repeat2 Quadratic": [
    33.31547849613341,
    252.77565381705872,
    0.4329848652284056
  ],
  "Repeat2 Quadratic Errors": [
    0.6204480153468486,
    0.5094301984673631,
    0.08230711580079118
  ],
  "Repeat3 Film Thickness": 179.90668151165073,
  "Repeat3 Film Thickness Error": 0.06796431303423364,
  "Repeat3 Quadratic": [
    -8.07482237062996,
    -293.87689475401635,
    -2.1355809135062387
  ],
  "Repeat3 Quadratic Errors": [
    0.2671830889084138,
    0.22370612540033638,
    0.041522302406172246
  ],
  "Average Result": 162.8990183846249,
  "Average Error": 9.20960313389063
}
